Report Date Range,PDF URL
2025-10-04 to 2025-10-10,https://mymarketnews.ams.usda.gov/sites/default/files/2757/2025-10-04/1277996/ams_2757_00294.pdf
2025-09-27 to 2025-10-03,https://mymarketnews.ams.usda.gov/sites/default/files/2757/2025-09-27/1276312/ams_2757_00293.pdf
2025-09-20 to 2025-09-26,https://mymarketnews.ams.usda.gov/sites/default/files/2757/2025-09-20/1274702/ams_2757_00292.pdf
2025-09-13 to 2025-09-19,https://mymarketnews.ams.usda.gov/sites/default/files/2757/2025-09-13/1273097/ams_2757_00291.pdf
2025-09-06 to 2025-09-12,https://mymarketnews.ams.usda.gov/sites/default/files/2757/2025-09-06/1271512/ams_2757_00290.pdf
2025-08-30 to 2025-09-05,https://mymarketnews.ams.usda.gov/sites/default/files/2757/2025-08-30/1269888/ams_2757_00289.pdf
2025-08-23 to 2025-08-29,https://mymarketnews.ams.usda.gov/sites/default/files/2757/2025-08-23/1268562/ams_2757_00288.pdf
2025-08-16 to 2025-08-22,https://mymarketnews.ams.usda.gov/sites/default/files/2757/2025-08-16/1266926/ams_2757_00287.pdf
2025-08-09 to 2025-08-15,https://mymarketnews.ams.usda.gov/sites/default/files/2757/2025-08-09/1265412/ams_2757_00286.pdf
2025-08-02 to 2025-08-08,https://mymarketnews.ams.usda.gov/sites/default/files/2757/2025-08-02/1263875/ams_2757_00285.pdf
2025-07-26 to 2025-08-01,https://mymarketnews.ams.usda.gov/sites/default/files/2757/2025-07-26/1262333/ams_2757_00284.pdf
2025-07-19 to 2025-07-25,https://mymarketnews.ams.usda.gov/sites/default/files/2757/2025-07-19/1260693/ams_2757_00283.pdf
2025-07-12 to 2025-07-18,https://mymarketnews.ams.usda.gov/sites/default/files/2757/2025-07-12/1259044/ams_2757_00282.pdf
2025-07-05 to 2025-07-11,https://mymarketnews.ams.usda.gov/sites/default/files/2757/2025-07-05/1257369/ams_2757_00281.pdf
2025-06-28 to 2025-07-04,https://mymarketnews.ams.usda.gov/sites/default/files/2757/2025-06-28/1255757/ams_2757_00280.pdf
2025-06-21 to 2025-06-27,https://mymarketnews.ams.usda.gov/sites/default/files/2757/2025-06-21/1254480/ams_2757_00279.pdf
2025-06-14 to 2025-06-20,https://mymarketnews.ams.usda.gov/sites/default/files/2757/2025-06-14/1252796/ams_2757_00278.pdf
2025-06-07 to 2025-06-13,https://mymarketnews.ams.usda.gov/sites/default/files/2757/2025-06-07/1251274/ams_2757_00277.pdf
2025-05-31 to 2025-06-06,https://mymarketnews.ams.usda.gov/sites/default/files/2757/2025-05-31/1249611/ams_2757_00276.pdf
2025-05-24 to 2025-05-30,https://mymarketnews.ams.usda.gov/sites/default/files/2757/2025-05-24/1247870/ams_2757_00275.pdf
2025-05-17 to 2025-05-23,https://mymarketnews.ams.usda.gov/sites/default/files/2757/2025-05-17/1246454/ams_2757_00274.pdf
2025-05-10 to 2025-05-16,https://mymarketnews.ams.usda.gov/sites/default/files/2757/2025-05-10/1244719/ams_2757_00273.pdf
2025-05-03 to 2025-05-09,https://mymarketnews.ams.usda.gov/sites/default/files/2757/2025-05-03/1243087/ams_2757_00272.pdf
2025-04-26 to 2025-05-02,https://mymarketnews.ams.usda.gov/sites/default/files/2757/2025-04-26/1241344/ams_2757_00271.pdf
2025-04-19 to 2025-04-25,https://mymarketnews.ams.usda.gov/sites/default/files/2757/2025-04-19/1239470/ams_2757_00270.pdf
2025-04-12 to 2025-04-18,https://mymarketnews.ams.usda.gov/sites/default/files/2757/2025-04-12/1237704/ams_2757_00269.pdf
2025-04-05 to 2025-04-11,https://mymarketnews.ams.usda.gov/sites/default/files/2757/2025-04-05/1235916/ams_2757_00268.pdf
2025-03-29 to 2025-04-04,https://mymarketnews.ams.usda.gov/sites/default/files/2757/2025-03-29/1233970/ams_2757_00267.pdf
2025-03-22 to 2025-03-28,https://mymarketnews.ams.usda.gov/sites/default/files/2757/2025-03-22/1232079/ams_2757_00266.pdf
2025-03-15 to 2025-03-21,https://mymarketnews.ams.usda.gov/sites/default/files/2757/2025-03-15/1223270/ams_2757_00265.pdf
2025-03-08 to 2025-03-14,https://mymarketnews.ams.usda.gov/sites/default/files/2757/2025-03-08/1221452/ams_2757_00264.pdf
2025-03-01 to 2025-03-07,https://mymarketnews.ams.usda.gov/sites/default/files/2757/2025-03-01/1219371/ams_2757_00263.pdf
2025-02-22 to 2025-02-28,https://mymarketnews.ams.usda.gov/sites/default/files/2757/2025-02-22/1200398/ams_2757_00262.pdf
2025-02-15 to 2025-02-21,https://mymarketnews.ams.usda.gov/sites/default/files/2757/2025-02-15/1198601/ams_2757_00261.pdf
2025-02-08 to 2025-02-14,https://mymarketnews.ams.usda.gov/sites/default/files/2757/2025-02-08/1197093/ams_2757_00260.pdf
2025-02-01 to 2025-02-07,https://mymarketnews.ams.usda.gov/sites/default/files/2757/2025-02-01/1195309/ams_2757_00259.pdf
2025-01-25 to 2025-01-31,https://mymarketnews.ams.usda.gov/sites/default/files/2757/2025-01-25/1190256/ams_2757_00258.pdf
2025-01-18 to 2025-01-24,https://mymarketnews.ams.usda.gov/sites/default/files/2757/2025-01-18/1188509/ams_2757_00257.pdf
2025-01-11 to 2025-01-17,https://mymarketnews.ams.usda.gov/sites/default/files/2757/2025-01-11/1186926/ams_2757_00256.pdf
2025-01-04 to 2025-01-10,https://mymarketnews.ams.usda.gov/sites/default/files/2757/2025-01-04/1185193/ams_2757_00255.pdf
2024-12-28 to 2025-01-03,https://mymarketnews.ams.usda.gov/sites/default/files/2757/2024-12-28/1183462/ams_2757_00254.pdf
2024-12-21 to 2024-12-27,https://mymarketnews.ams.usda.gov/sites/default/files/2757/2024-12-21/1182221/ams_2757_00253.pdf
2024-12-14 to 2024-12-20,https://mymarketnews.ams.usda.gov/sites/default/files/2757/2024-12-14/1181175/ams_2757_00252.pdf
2024-12-07 to 2024-12-13,https://mymarketnews.ams.usda.gov/sites/default/files/2757/2024-12-07/1179349/ams_2757_00251.pdf
2024-11-30 to 2024-12-06,https://mymarketnews.ams.usda.gov/sites/default/files/2757/2024-11-30/1177409/ams_2757_00250.pdf
2024-11-23 to 2024-11-29,https://mymarketnews.ams.usda.gov/sites/default/files/2757/2024-11-23/1175450/ams_2757_00249.pdf
2024-11-16 to 2024-11-22,https://mymarketnews.ams.usda.gov/sites/default/files/2757/2024-11-16/1173937/ams_2757_00248.pdf
2024-11-09 to 2024-11-15,https://mymarketnews.ams.usda.gov/sites/default/files/2757/2024-11-09/1171935/ams_2757_00247.pdf
2024-11-02 to 2024-11-08,https://mymarketnews.ams.usda.gov/sites/default/files/2757/2024-11-02/1170067/ams_2757_00246.pdf
2024-10-26 to 2024-11-01,https://mymarketnews.ams.usda.gov/sites/default/files/2757/2024-10-26/1168126/ams_2757_00245.pdf
2024-10-19 to 2024-10-25,https://mymarketnews.ams.usda.gov/sites/default/files/2757/2024-10-19/1166063/ams_2757_00244.pdf
2024-10-12 to 2024-10-18,https://mymarketnews.ams.usda.gov/sites/default/files/2757/2024-10-12/1164041/ams_2757_00243.pdf
2024-10-05 to 2024-10-11,https://mymarketnews.ams.usda.gov/sites/default/files/2757/2024-10-05/1162161/ams_2757_00242.pdf
2024-09-28 to 2024-10-04,https://mymarketnews.ams.usda.gov/sites/default/files/2757/2024-09-28/1160148/ams_2757_00241.pdf
2024-09-21 to 2024-09-27,https://mymarketnews.ams.usda.gov/sites/default/files/2757/2024-09-21/1158133/ams_2757_00240.pdf
2024-09-14 to 2024-09-20,https://mymarketnews.ams.usda.gov/sites/default/files/2757/2024-09-14/1156147/ams_2757_00239.pdf
2024-09-07 to 2024-09-13,https://mymarketnews.ams.usda.gov/sites/default/files/2757/2024-09-07/1154237/ams_2757_00238.pdf
2024-08-31 to 2024-09-06,https://mymarketnews.ams.usda.gov/sites/default/files/2757/2024-08-31/1152303/ams_2757_00237.pdf
